{"0": {"1": 4.0, "2": 4.0, "3": 4.0, "4": 4.0, "5": 3.9999999999999996}, "1": {"0": 4.0, "6": 4.0, "7": 4.263888731838534, "8": 4.957254699709904, "9": 5.894503032831603, "10": 6.928203230275508}, "2": {"0": 4.0, "6": 4.263888731838534, "7": 4.0, "8": 4.263888731838535, "9": 4.957254699709904, "10": 5.894503032831602}, "3": {"0": 4.0, "6": 4.957254699709904, "7": 4.263888731838534, "8": 4.0, "9": 4.263888731838534, "10": 4.957254699709903}, "4": {"0": 4.0, "6": 5.894503032831602, "7": 4.957254699709904, "8": 4.263888731838535, "9": 4.0, "10": 4.263888731838534}, "5": {"0": 3.9999999999999996, "6": 6.928203230275509, "7": 5.894503032831602, "8": 4.957254699709902, "9": 4.263888731838535, "10": 3.9999999999999996}, "6": {"1": 4.0, "2": 4.263888731838534, "3": 4.957254699709904, "4": 5.894503032831602, "5": 6.928203230275509, "11": 4.000000000000001, "12": 4.747867031889044, "13": 6.459343811362558, "14": 8.499146899082454, "15": 10.583005244258361}, "7": {"1": 4.263888731838534, "2": 4.0, "3": 4.263888731838534, "4": 4.957254699709904, "5": 5.894503032831602, "11": 4.7478670318890455, "12": 4.0, "13": 4.7478670318890455, "14": 6.459343811362558, "15": 8.499146899082453}, "8": {"1": 4.957254699709904, "2": 4.263888731838535, "3": 4.0, "4": 4.263888731838535, "5": 4.957254699709902, "11": 6.45934381136256, "12": 4.7478670318890455, "13": 4.0, "14": 4.747867031889045, "15": 6.459343811362556}, "9": {"1": 5.894503032831603, "2": 4.957254699709904, "3": 4.263888731838534, "4": 4.0, "5": 4.263888731838535, "11": 8.499146899082453, "12": 6.459343811362559, "13": 4.747867031889045, "14": 4.0, "15": 4.747867031889044}, "10": {"1": 6.928203230275508, "2": 5.894503032831602, "3": 4.957254699709903, "4": 4.263888731838534, "5": 3.9999999999999996, "11": 10.583005244258363, "12": 8.499146899082453, "13": 6.459343811362557, "14": 4.7478670318890455, "15": 3.999999999999999}, "11": {"6": 4.000000000000001, "7": 4.7478670318890455, "8": 6.45934381136256, "9": 8.499146899082453, "10": 10.583005244258363, "16": 3.999999999999999, "17": 5.393003124882996, "18": 8.212566282641228, "19": 11.334504666034848, "20": 14.422205101855955}, "12": {"6": 4.747867031889044, "7": 4.0, "8": 4.7478670318890455, "9": 6.459343811362559, "10": 8.499146899082453, "16": 5.3930031248829975, "17": 4.0, "18": 5.393003124882999, "19": 8.212566282641228, "20": 11.334504666034848}, "13": {"6": 6.459343811362558, "7": 4.7478670318890455, "8": 4.0, "9": 4.747867031889045, "10": 6.459343811362557, "16": 8.212566282641228, "17": 5.393003124882998, "18": 4.0, "19": 5.393003124882997, "20": 8.212566282641225}, "14": {"6": 8.499146899082454, "7": 6.459343811362558, "8": 4.747867031889045, "9": 4.0, "10": 4.7478670318890455, "16": 11.334504666034848, "17": 8.212566282641227, "18": 5.393003124882997, "19": 3.9999999999999996, "20": 5.393003124882997}, "15": {"6": 10.583005244258361, "7": 8.499146899082453, "8": 6.459343811362556, "9": 4.747867031889044, "10": 3.999999999999999, "16": 14.422205101855956, "17": 11.334504666034848, "18": 8.212566282641227, "19": 5.3930031248829975, "20": 4.0}, "16": {"11": 3.999999999999999, "12": 5.3930031248829975, "13": 8.212566282641228, "14": 11.334504666034848, "15": 14.422205101855956}, "17": {"11": 5.393003124882996, "12": 4.0, "13": 5.393003124882998, "14": 8.212566282641227, "15": 11.334504666034848}, "18": {"11": 8.212566282641228, "12": 5.393003124882999, "13": 4.0, "14": 5.393003124882997, "15": 8.212566282641227}, "19": {"11": 11.334504666034848, "12": 8.212566282641228, "13": 5.393003124882997, "14": 3.9999999999999996, "15": 5.3930031248829975}, "20": {"11": 14.422205101855955, "12": 11.334504666034848, "13": 8.212566282641225, "14": 5.393003124882997, "15": 4.0}}